,DataType,CollectionTime,Skewness,FeatureEngineering,Classifier,CurbStrat,AgeStrat,AUC,Recall,Precision,Accuracy,Brier,F1_score
0,Static,1st,Bal,XGB,GRU,,,0.7098565655433511,0.6162551440329218,0.3899739583333333,0.6680182463253928,0.204147235001182,0.47767145135566186
0,Static,1st,Bal,XGB,GRU,,>65,0.6557991487445936,0.5695970695970696,0.4148510449088484,0.6228774025004665,0.22293522706495048,0.48006174427579107
0,Static,1st,Bal,XGB,GRU,,<65,0.689744989449155,0.5392156862745098,0.22540983606557377,0.720489538097118,0.18285517351933073,0.3179190751445087
0,Static,1st,Bal,RFT,GRU,,,0.7117821185528352,0.6430041152263375,0.38156288156288154,0.6553471870248353,0.20388763445546518,0.4789272030651341
0,Static,1st,Bal,RFT,GRU,,>65,0.6597290105755572,0.5518925518925519,0.43692605123247946,0.6456428438141444,0.22096088898668878,0.48772592392770436
0,Static,1st,Bal,RFT,GRU,,<65,0.688011950776419,0.45098039215686275,0.23154362416107382,0.7528622187129885,0.16976789676350704,0.3059866962305987
0,Static,1st,Bal,STA,GRU,,,0.7040441888686864,0.5931069958847737,0.3819145412388208,0.6633299543841865,0.20176685640833833,0.46463832359460006
0,Static,1st,Bal,STA,GRU,,>65,0.6489411481349132,0.5177045177045178,0.42591662481165243,0.6392983765627915,0.22300317856918225,0.46734637641223475
0,Static,1st,Bal,STA,GRU,,<65,0.7033635037610314,0.4869281045751634,0.25126475548060706,0.7627319384129491,0.16319462597321324,0.3314794215795328
0,Static,1st,Bal,NoF,GRU,,,0.7138579797199874,0.5843621399176955,0.39831697054698456,0.6801824632539281,0.19823965070351332,0.4737281067556297
0,Static,1st,Bal,NoF,GRU,,>65,0.6583244161852064,0.5811965811965812,0.4149956408020924,0.6215711886545997,0.22895126655641013,0.4842319430315361
0,Static,1st,Bal,NoF,GRU,,<65,0.6957233125251299,0.5294117647058824,0.23858615611192932,0.7390446111330439,0.1702897565678109,0.32893401015228424
0,Static,Pnt,Bal,XGB,LSTM,,,0.7227792618330056,0.7150205761316872,0.37415881561238223,0.6352002027369488,0.21311373457424687,0.4912528715320728
0,Static,Pnt,Bal,XGB,LSTM,,>65,0.672714002531256,0.5976800976800977,0.4329942503317116,0.6378055607389438,0.22406115625339618,0.5021800461656835
0,Static,Pnt,Bal,XGB,LSTM,,<65,0.7013068960558329,0.565359477124183,0.23796423658872076,0.7287801026450849,0.2133869757157654,0.33494675701839305
0,Static,Pnt,Bal,RFT,LSTM,,,0.7196229202470796,0.6332304526748971,0.39455128205128204,0.6702990369994931,0.2017446915230794,0.48617693522906796
0,Static,Pnt,Bal,RFT,LSTM,,>65,0.6700464872999138,0.5787545787545788,0.43848288621646625,0.6447098339242396,0.2277283908076917,0.4989473684210527
0,Static,Pnt,Bal,RFT,LSTM,,<65,0.6987022020303407,0.5261437908496732,0.24922600619195046,0.7512830635609948,0.1672075244481368,0.3382352941176471
0,Static,Pnt,Bal,STA,LSTM,,,0.7100068737010192,0.5797325102880658,0.4006398862424458,0.6828433857070451,0.19869840913381875,0.47382804288417074
0,Static,Pnt,Bal,STA,LSTM,,>65,0.6572444322377136,0.5958485958485958,0.4199655765920826,0.6249300242582572,0.22165490517368716,0.49268046441191315
0,Static,Pnt,Bal,STA,LSTM,,<65,0.7090652156686653,0.477124183006536,0.24333333333333335,0.7575996841689696,0.1709756151541705,0.3222958057395144
0,Static,Pnt,Bal,NoF,LSTM,,,0.7227952612629067,0.6790123456790124,0.38823529411764707,0.6573745565129245,0.206399553692105,0.49401197604790414
0,Static,Pnt,Bal,NoF,LSTM,,>65,0.6751867679037794,0.6343101343101343,0.42425479787668435,0.6251166262362381,0.22258655633934366,0.508441399559579
0,Static,Pnt,Bal,NoF,LSTM,,<65,0.6999143018979782,0.565359477124183,0.24963924963924963,0.7422029214370311,0.1829640348710953,0.3463463463463463
0,Static,Pnt,Bal,XGB,LR,,,0.7184079581337296,0.573045267489712,0.41243983709737136,0.6937404967055246,0.19565168067704738,0.4796555435952637
0,Static,Pnt,Bal,XGB,LR,,>65,0.6642438602933093,0.6282051282051282,0.4206868356500409,0.6219443926105617,0.23522249586932323,0.5039177277179236
0,Static,Pnt,Bal,XGB,LR,,<65,0.7064502496103965,0.4803921568627451,0.24540901502504173,0.7587840505329648,0.1678688577203811,0.3248618784530387
0,Static,Pnt,Bal,RFT,LR,,,0.7176022787339383,0.6136831275720165,0.4033130493576741,0.6811961479979727,0.20273452779088005,0.4867401060791513
0,Static,Pnt,Bal,RFT,LR,,>65,0.6715915247224035,0.5836385836385837,0.42869955156950673,0.6350065310692293,0.22406165777026874,0.4943123061013444
0,Static,Pnt,Bal,RFT,LR,,<65,0.7066307439006136,0.45098039215686275,0.24295774647887325,0.7639163047769444,0.16610649876417358,0.31578947368421056
0,Static,Pnt,Bal,STA,LR,,,0.7113808787959296,0.5838477366255144,0.3996478873239437,0.6814495691839838,0.2020197085984699,0.4744983277591973
0,Static,Pnt,Bal,STA,LR,,>65,0.6596750318868029,0.5586080586080586,0.4340607210626186,0.642470610188468,0.22474454979127143,0.48852108916177256
0,Static,Pnt,Bal,STA,LR,,<65,0.7171537077636023,0.46078431372549017,0.2478031634446397,0.7658902487169365,0.16399753253787566,0.32228571428571423
0,Static,Pnt,Bal,NoF,LR,,,0.7201954836290374,0.5498971193415638,0.41595330739299613,0.6989356310187532,0.19297194061494036,0.4736375719982277
0,Static,Pnt,Bal,NoF,LR,,>65,0.6641289299848827,0.6361416361416361,0.4154704944178628,0.6152267214032469,0.23761520720898016,0.5026531596719729
0,Static,Pnt,Bal,NoF,LR,,<65,0.7109985589805448,0.47058823529411764,0.2521891418563923,0.7674694038689301,0.16356478503939142,0.32839224629418473
0,Static,Pnt,Unbal,XGB,RF,,,0.7182499097113253,0.10185185185185185,0.6206896551724138,0.7634313228585909,0.16592447040340647,0.17498895271763143
0,Static,Pnt,Unbal,XGB,RF,,>65,0.6726733954629682,0.09096459096459096,0.6260504201680672,0.7055420787460347,0.1987587259234114,0.15884861407249465
0,Static,Pnt,Unbal,XGB,RF,,<65,0.6933005802231086,0.049019607843137254,0.45454545454545453,0.878010264508488,0.09999254747302302,0.08849557522123894
0,Static,Pnt,Unbal,RFT,RF,,,0.7215340737696525,0.06944444444444445,0.6887755102040817,0.7630511910795742,0.16708882575493791,0.12616822429906543
0,Static,Pnt,Unbal,RFT,RF,,>65,0.6690742146264855,0.08241758241758242,0.6221198156682027,0.704235864900168,0.19966657166277285,0.14555256064690025
0,Static,Pnt,Unbal,RFT,RF,,<65,0.692408380804799,0.03594771241830065,0.4074074074074074,0.8772206869324911,0.09996073226679424,0.06606606606606606
0,Static,Pnt,Unbal,STA,RF,,,0.7111948529920491,0.09825102880658436,0.6452702702702703,0.7645717181956412,0.16910501179284398,0.1705357142857143
0,Static,Pnt,Unbal,STA,RF,,>65,0.6609483711069305,0.10744810744810745,0.6470588235294118,0.709274118305654,0.2017947218059441,0.1842931937172775
0,Static,Pnt,Unbal,STA,RF,,<65,0.6815273632278835,0.0718954248366013,0.5,0.8791946308724832,0.10188425402400765,0.12571428571428572
0,Static,Pnt,Unbal,NoF,RF,,,0.721171492094725,0.09362139917695474,0.6385964912280702,0.7636847440446022,0.1654698808920426,0.1633019291161956
0,Static,Pnt,Unbal,NoF,RF,,>65,0.6733168739349873,0.07936507936507936,0.6435643564356436,0.7051688747900727,0.1988875881241306,0.14130434782608695
0,Static,Pnt,Unbal,NoF,RF,,<65,0.6813542061039355,0.0392156862745098,0.4444444444444444,0.878010264508488,0.10107244374259769,0.07207207207207207
0,Static,Pnt,Unbal,XGB,LR,,,0.722401934737547,0.18775720164609053,0.5812101910828026,0.7665990876837303,0.16618856416719857,0.2838258164852255
0,Static,Pnt,Unbal,XGB,LR,,>65,0.6762364811276395,0.1813186813186813,0.5869565217391305,0.7107669341295018,0.19848827174732075,0.27705223880597013
0,Static,Pnt,Unbal,XGB,LR,,<65,0.7139062779729465,0.16013071895424835,0.48514851485148514,0.878010264508488,0.10070901301812116,0.24078624078624078
0,Static,Pnt,Unbal,RFT,LR,,,0.7229816330004067,0.1646090534979424,0.6015037593984962,0.7673593512417638,0.16619074500917302,0.25848142164781907
0,Static,Pnt,Unbal,RFT,LR,,>65,0.6759272111328011,0.1800976800976801,0.609504132231405,0.7141257697331592,0.19789869328159487,0.2780395852968897
0,Static,Pnt,Unbal,RFT,LR,,<65,0.7086631389571245,0.11764705882352941,0.4675324675324675,0.8772206869324911,0.1013780781072309,0.18798955613577026
0,Static,Pnt,Unbal,STA,LR,,,0.7148131889268032,0.15123456790123457,0.5821782178217821,0.7641915864166244,0.16822312327773178,0.24009799918334016
0,Static,Pnt,Unbal,STA,LR,,>65,0.6608517344878537,0.16422466422466422,0.604494382022472,0.7116999440194066,0.20123608936719475,0.2582813250120019
0,Static,Pnt,Unbal,STA,LR,,<65,0.7242861670936896,0.11437908496732026,0.5147058823529411,0.87998420844848,0.09976208023112162,0.18716577540106952
0,Static,Pnt,Unbal,NoF,LR,,,0.7235933301230694,0.19135802469135801,0.5610859728506787,0.7639381652306133,0.16610214018461522,0.285385500575374
0,Static,Pnt,Unbal,NoF,LR,,>65,0.6787754483266442,0.1984126984126984,0.5952380952380952,0.7137525657771973,0.19729826481980264,0.2976190476190476
0,Static,Pnt,Unbal,NoF,LR,,<65,0.7202089037980108,0.1437908496732026,0.4782608695652174,0.8776154757204896,0.10060025074177656,0.2211055276381909
0,Static,Pnt,Bal,XGB,RF,,,0.7161923397843035,0.5787037037037037,0.4017857142857143,0.6839837810440953,0.19905780561686828,0.474283305227656
0,Static,Pnt,Bal,XGB,RF,,>65,0.6656290945460523,0.5842490842490843,0.42571174377224197,0.6320208994215338,0.2235188613944868,0.49253731343283585
0,Static,Pnt,Bal,XGB,RF,,<65,0.6915125128033552,0.4673202614379085,0.23714759535655058,0.7540465850769839,0.16865928740623767,0.3146314631463146
0,Static,Pnt,Bal,RFT,RF,,,0.7150531803753242,0.5792181069958847,0.3980205019441499,0.6805625950329448,0.19914282176104994,0.4718206578671695
0,Static,Pnt,Bal,RFT,RF,,>65,0.6659568222992033,0.5934065934065934,0.4295183384887318,0.6348199290912484,0.22558314984138828,0.4983337605742118
0,Static,Pnt,Bal,RFT,RF,,<65,0.6798831042670024,0.43790849673202614,0.22984562607204118,0.7548361626529807,0.17203748921136347,0.3014623172103487
0,Static,Pnt,Bal,STA,RF,,,0.7080326305345919,0.5864197530864198,0.39776692254012563,0.6794221996958946,0.2003921694190901,0.4740124740124741
0,Static,Pnt,Bal,STA,RF,,>65,0.6492781457844613,0.5628815628815629,0.41475483580746736,0.6236238104123903,0.22809236064712338,0.4775964775964776
0,Static,Pnt,Bal,STA,RF,,<65,0.6688883606129175,0.49673202614379086,0.20596205962059622,0.7078562968811686,0.19721954601722105,0.29118773946360155
0,Static,Pnt,Bal,NoF,RF,,,0.7156061552660783,0.573559670781893,0.40515988372093026,0.6875316776482514,0.20013811587781988,0.47487223168654175
0,Static,Pnt,Bal,NoF,RF,,>65,0.6641838930874135,0.5818070818070818,0.4231793960923623,0.6297816756857623,0.2251082897715787,0.489974293059126
0,Static,Pnt,Bal,NoF,RF,,<65,0.6919997006436162,0.4411764705882353,0.25328330206378985,0.7753651796288985,0.16410829056454798,0.3218116805721096
0,Static,Pnt,Unbal,XGB,XGB,,,0.722117317852112,0.18364197530864199,0.5823817292006526,0.7664723770907248,0.16931867274647874,0.2792334767305436
0,Static,Pnt,Unbal,XGB,XGB,,>65,0.6777720845847693,0.21062271062271062,0.5798319327731093,0.7120731479753686,0.20048198063930214,0.30900134348410213
0,Static,Pnt,Unbal,XGB,XGB,,<65,0.7142555270873504,0.11764705882352941,0.5294117647058824,0.8807737860244769,0.09917130431139541,0.1925133689839572
0,Static,Pnt,Unbal,RFT,XGB,,,0.7176306885324388,0.17078189300411523,0.5589225589225589,0.7625443487075519,0.17064413252477026,0.2616233254531127
0,Static,Pnt,Unbal,RFT,XGB,,>65,0.6702496046758342,0.1984126984126984,0.5584192439862543,0.7070348945698824,0.20300008990138885,0.2927927927927928
0,Static,Pnt,Unbal,RFT,XGB,,<65,0.6938552699930445,0.1111111111111111,0.4473684210526316,0.8760363205684959,0.10996373924871657,0.17801047120418848
0,Static,Pnt,Unbal,STA,XGB,,,0.7011941282611163,0.09465020576131687,0.6388888888888888,0.7638114546376077,0.17713539268624365,0.16487455197132617
0,Static,Pnt,Unbal,STA,XGB,,>65,0.6498137489134533,0.14102564102564102,0.6260162601626016,0.7116999440194066,0.20602090767895914,0.23019431988041855
0,Static,Pnt,Unbal,STA,XGB,,<65,0.7029166703352498,0.0915032679738562,0.5490196078431373,0.8811685748124753,0.11130684916972566,0.1568627450980392
0,Static,Pnt,Unbal,NoF,XGB,,,0.7248325075897837,0.17232510288065844,0.5464926590538336,0.7608971109984795,0.1682970536660109,0.26202581149784904
0,Static,Pnt,Unbal,NoF,XGB,,>65,0.68210736082276,0.19597069597069597,0.5794223826714802,0.7107669341295018,0.20025861093147093,0.29288321167883213
0,Static,Pnt,Unbal,NoF,XGB,,<65,0.6937364078994867,0.13071895424836602,0.49382716049382713,0.8787998420844848,0.10922546161675792,0.20671834625323
0,Static,Pnt,Bal,XGB,SVM,,,0.7168259172083987,0.543724279835391,0.4141849529780564,0.6981753674607197,0.19006303283283765,0.4701957295373666
0,Static,Pnt,Bal,XGB,SVM,,>65,0.6694489481374727,0.6025641025641025,0.4283854166666667,0.6327673073334578,0.2259980056794432,0.5007610350076104
0,Static,Pnt,Bal,XGB,SVM,,<65,0.7003897502722087,0.5816993464052288,0.2101534828807556,0.6853533359652586,0.20849348509333435,0.30875975715524717
0,Static,Pnt,Bal,RFT,SVM,,,0.7170963508154348,0.6265432098765432,0.3966134809508303,0.6732133806386214,0.20436313771769568,0.4857427716849452
0,Static,Pnt,Bal,RFT,SVM,,>65,0.6645991516322072,0.6001221001221001,0.4181199489578903,0.6225041985445046,0.2290006854064266,0.49285535221860116
0,Static,Pnt,Bal,RFT,SVM,,<65,0.6962647953957813,0.4477124183006536,0.25996204933586337,0.7793130675088827,0.16090364037256924,0.3289315726290516
0,Static,Pnt,Bal,STA,SVM,,,0.7111868532770984,0.6003086419753086,0.39559322033898303,0.6756208819057273,0.20310829277395978,0.47691050265631385
0,Static,Pnt,Bal,STA,SVM,,>65,0.6594185100634979,0.561050061050061,0.4292386735170481,0.6378055607389438,0.22513846895859355,0.4863720560994972
0,Static,Pnt,Bal,STA,SVM,,<65,0.713771274113597,0.46405228758169936,0.2563176895306859,0.7726016581129096,0.1656865919739982,0.3302325581395349
0,Static,Pnt,Bal,NoF,SVM,,,0.7223496122775993,0.6327160493827161,0.40634291377601583,0.6818297009630006,0.2002656021519924,0.4948702474351237
0,Static,Pnt,Bal,NoF,SVM,,>65,0.6710376279040617,0.6098901098901099,0.42857142857142855,0.6322075013995149,0.22553475897473985,0.5034013605442176
0,Static,Pnt,Bal,NoF,SVM,,<65,0.6998159838699737,0.4738562091503268,0.2690166975881262,0.7808922226608764,0.15952182372604143,0.3431952662721893
0,Static,1st,Bal,XGB,LSTM,,,0.7097385156957001,0.6033950617283951,0.38233376792698825,0.6621895590471364,0.20322842618712317,0.46807661612130885
0,Static,1st,Bal,XGB,LSTM,,>65,0.6583679764948241,0.5280830280830281,0.4340190667335675,0.6452696398581825,0.22089215541652,0.476452767832553
0,Static,1st,Bal,XGB,LSTM,,<65,0.6863992416304945,0.46078431372549017,0.22488038277511962,0.742992499013028,0.16295695236033098,0.3022508038585209
0,Static,1st,Bal,RFT,LSTM,,,0.7115973467583252,0.6039094650205762,0.38990368648289603,0.6696654840344652,0.19907473531166983,0.47386478304742685
0,Static,1st,Bal,RFT,LSTM,,>65,0.6620834822259171,0.6013431013431013,0.42530224525043175,0.6297816756857623,0.22439191148914267,0.49822964087000504
0,Static,1st,Bal,RFT,LSTM,,<65,0.692671051357229,0.4934640522875817,0.21757925072046108,0.7244374259771023,0.23893724519606596,0.30200000000000005
0,Static,1st,Bal,STA,LSTM,,,0.7044767788598583,0.573045267489712,0.39115168539325845,0.675114039533705,0.19782305136612002,0.464941569282137
0,Static,1st,Bal,STA,LSTM,,>65,0.6515108782644391,0.557997557997558,0.42178126442085834,0.6310878895316291,0.22197542659381211,0.4804204993429698
0,Static,1st,Bal,STA,LSTM,,<65,0.7054978854286813,0.3954248366013072,0.26419213973799127,0.7939202526648244,0.17376489152677238,0.31675392670157065
0,Static,1st,Bal,NoF,LSTM,,,0.708431232547649,0.5509259259259259,0.3996268656716418,0.6855043081601622,0.1969891635125752,0.4632352941176471
0,Static,1st,Bal,NoF,LSTM,,>65,0.6601002986383261,0.5836385836385837,0.42451154529307283,0.630901287553648,0.22393453349594833,0.4915167095115681
0,Static,1st,Bal,NoF,LSTM,,<65,0.6894221541333192,0.42810457516339867,0.2270363951473137,0.7548361626529807,0.17990256954392894,0.29671574178935445
0,Static,1st,Bal,XGB,RF,,,0.7098403066632349,0.551440329218107,0.39880952380952384,0.6847440446021288,0.19822760223732763,0.46286701208981007
0,Static,1st,Bal,XGB,RF,,>65,0.6563111259429454,0.5274725274725275,0.4309226932668329,0.642657212166449,0.221796125753975,0.4743343398298106
0,Static,1st,Bal,XGB,RF,,<65,0.6863192665181624,0.46405228758169936,0.22903225806451613,0.7465455981050139,0.17437272448129137,0.306695464362851
0,Static,1st,Bal,RFT,RF,,,0.7061769561162448,0.5555555555555556,0.3901734104046243,0.676634566649772,0.1999761648776891,0.45840407470288624
0,Static,1st,Bal,RFT,RF,,>65,0.6537296648825807,0.5293040293040293,0.4319880418535127,0.6434036200783728,0.22163214263188938,0.47572016460905353
0,Static,1st,Bal,RFT,RF,,<65,0.6912527771174328,0.4738562091503268,0.2396694214876033,0.7548361626529807,0.16597327323752614,0.318331503841932
0,Static,1st,Bal,STA,RF,,,0.7001328039165221,0.5385802469135802,0.3971927162367223,0.6849974657881399,0.19932354073392058,0.4572052401746725
0,Static,1st,Bal,STA,RF,,>65,0.6486343391745166,0.5225885225885226,0.43080020130850527,0.6430304161224109,0.2227605336679188,0.4722758620689655
0,Static,1st,Bal,STA,RF,,<65,0.6901984263245786,0.4477124183006536,0.2420494699646643,0.7639163047769444,0.16318748519542042,0.31422018348623854
0,Static,1st,Bal,NoF,RF,,,0.7073029268059811,0.5426954732510288,0.39527913076058446,0.6828433857070451,0.19969076279776987,0.45740299154563197
0,Static,1st,Bal,NoF,RF,,>65,0.656816950555193,0.532967032967033,0.4283611383709519,0.6398581824967344,0.2217608393905335,0.47497279651795427
0,Static,1st,Bal,NoF,RF,,<65,0.6902233726898932,0.49019607843137253,0.23183925811437403,0.7422029214370311,0.17279592385432488,0.3147953830010493
0,Static,1st,Unbal,XGB,LR,,,0.7095552573607756,0.13168724279835392,0.5967365967365967,0.7641915864166244,0.16915372845553667,0.21576064053940158
0,Static,1st,Unbal,XGB,LR,,>65,0.6604233504260378,0.1336996336996337,0.6366279069767442,0.7118865459973875,0.20180057601631055,0.22098890010090816
0,Static,1st,Unbal,XGB,LR,,<65,0.7028858542369201,0.12091503267973856,0.5068493150684932,0.8795894196604817,0.1008584220935073,0.19525065963060687
0,Static,1st,Unbal,RFT,LR,,,0.7104224264614312,0.12448559670781893,0.6487935656836461,0.7677394830207805,0.16883323998898175,0.20889080707811825
0,Static,1st,Unbal,RFT,LR,,>65,0.6605006269075068,0.1336996336996337,0.6822429906542056,0.7161783914909498,0.2008563558651562,0.22358346094946402
0,Static,1st,Unbal,RFT,LR,,<65,0.6914750932553834,0.10784313725490197,0.4647887323943662,0.8772206869324911,0.1021757972552821,0.17506631299734748
0,Static,1st,Unbal,STA,LR,,,0.7069633497167497,0.12808641975308643,0.6287878787878788,0.7665990876837303,0.1700364141465343,0.21282051282051284
0,Static,1st,Unbal,STA,LR,,>65,0.6518476298105429,0.12942612942612944,0.6463414634146342,0.7122597499533495,0.20320848780845432,0.21566632756866738
0,Static,1st,Unbal,STA,LR,,<65,0.7147588566934033,0.10457516339869281,0.5423728813559322,0.8811685748124753,0.1006013498894985,0.17534246575342466
0,Static,1st,Unbal,NoF,LR,,,0.7110763274856714,0.1301440329218107,0.6277915632754343,0.7667257982767359,0.1695447329826675,0.21559437579889223
0,Static,1st,Unbal,NoF,LR,,>65,0.6601546054650058,0.13186813186813187,0.6352941176470588,0.7115133420414257,0.2021684604291011,0.21840242669362994
0,Static,1st,Unbal,NoF,LR,,<65,0.7049343910592227,0.15359477124183007,0.5108695652173914,0.87998420844848,0.10160343927305876,0.23618090452261306
0,Static,1st,Unbal,XGB,RF,,,0.7119172921146507,0.056584362139917695,0.6626506024096386,0.7605169792194627,0.16878592641204038,0.10426540284360189
0,Static,1st,Unbal,XGB,RF,,>65,0.6597075175414332,0.08363858363858363,0.6523809523809524,0.7062884866579586,0.20148330844143766,0.14826839826839827
0,Static,1st,Unbal,XGB,RF,,<65,0.6996545662120559,0.05555555555555555,0.4594594594594595,0.878010264508488,0.10093602820784107,0.09912536443148688
0,Static,1st,Unbal,RFT,RF,,,0.7099291683617414,0.07716049382716049,0.6224066390041494,0.7611505321844906,0.16900148841149298,0.13729977116704806
0,Static,1st,Unbal,RFT,RF,,>65,0.6576387719897528,0.09829059829059829,0.6145038167938931,0.7055420787460347,0.20098508760684175,0.1694736842105263
0,Static,1st,Unbal,RFT,RF,,<65,0.6897479243156625,0.0457516339869281,0.4827586206896552,0.8787998420844848,0.10098589194011819,0.08358208955223881
0,Static,1st,Unbal,STA,RF,,,0.7090271896906247,0.06790123456790123,0.6439024390243903,0.7611505321844906,0.17022863219781503,0.12284783620288506
0,Static,1st,Unbal,STA,RF,,>65,0.652165267322483,0.08669108669108669,0.6761904761904762,0.7081545064377682,0.20338412014931018,0.15367965367965367
0,Static,1st,Unbal,STA,RF,,<65,0.671018339980806,0.049019607843137254,0.45454545454545453,0.878010264508488,0.1026482212672328,0.08849557522123894
0,Static,1st,Unbal,NoF,RF,,,0.7091864056389947,0.06018518518518518,0.6610169491525424,0.7608971109984795,0.16905678865541837,0.11032531824611032
0,Static,1st,Unbal,NoF,RF,,>65,0.6551920935823112,0.08791208791208792,0.6180257510729614,0.7046090688561298,0.20148686322075013,0.15392838054516303
0,Static,1st,Unbal,NoF,RF,,<65,0.6877911020717223,0.049019607843137254,0.46875,0.8784050532964863,0.10108318199763126,0.08875739644970412
0,Static,Pnt,Bal,XGB,GRU,,,0.7259319711159266,0.676440329218107,0.3890532544378698,0.6586416624429803,0.20495588496550865,0.4939894815927874
0,Static,Pnt,Bal,XGB,GRU,,>65,0.6748499343231942,0.6550671550671551,0.41653726708074534,0.6141071095353611,0.22657408441230134,0.5092548647365923
0,Static,Pnt,Bal,XGB,GRU,,<65,0.7013340435710281,0.5359477124183006,0.2243502051983584,0.7200947493091197,0.19753258971144474,0.3162970106075217
0,Static,Pnt,Bal,RFT,GRU,,,0.7177654296772301,0.6445473251028807,0.39046431910252416,0.6645970603142423,0.20431656985571464,0.4863186493304871
0,Static,Pnt,Bal,RFT,GRU,,>65,0.667805551371797,0.6086691086691086,0.42138630600169064,0.6249300242582572,0.22428460316033835,0.498001998001998
0,Static,Pnt,Bal,RFT,GRU,,<65,0.6949763889989464,0.45098039215686275,0.24424778761061947,0.7651006711409396,0.1681634553475382,0.3168771526980482
0,Static,Pnt,Bal,STA,GRU,,,0.710437474573879,0.6116255144032922,0.3878016960208741,0.6664977192093259,0.20632205443144025,0.4746506986027944
0,Static,Pnt,Bal,STA,GRU,,>65,0.65580366064107,0.5695970695970696,0.41540516473731076,0.6234372084344094,0.2256257622545063,0.48043254376931
0,Static,Pnt,Bal,STA,GRU,,<65,0.6969603587580819,0.4477124183006536,0.25045703839122485,0.7714172917489144,0.1617025467554488,0.3212192262602579
0,Static,Pnt,Bal,NoF,GRU,,,0.7212111879775613,0.6229423868312757,0.3975705843729481,0.6746071971616827,0.19893383848388205,0.48537074148296594
0,Static,Pnt,Bal,NoF,GRU,,>65,0.6713390225886866,0.6349206349206349,0.41867954911433175,0.6189587609628662,0.22672075542847686,0.5046094129063562
0,Static,Pnt,Bal,NoF,GRU,,<65,0.695023346863068,0.46078431372549017,0.2650375939849624,0.780497433872878,0.16179542491989532,0.33651551312649164
0,Static,1st,Bal,XGB,LR,,,0.7061339738640232,0.5581275720164609,0.3944020356234097,0.6800557526609224,0.2002505156650688,0.46219382321618746
0,Static,1st,Bal,XGB,LR,,>65,0.6430190789234057,0.6538461538461539,0.3927392739273927,0.5851838029483113,0.2492886312436595,0.49072164948453606
0,Static,1st,Bal,XGB,LR,,<65,0.6904346830784401,0.4542483660130719,0.2421602787456446,0.7623371496249507,0.16279720353949803,0.31590909090909086
0,Static,1st,Bal,RFT,LR,,,0.7061251525567261,0.5612139917695473,0.3890870185449358,0.6748606183476938,0.2023594836489725,0.4595619208087616
0,Static,1st,Bal,RFT,LR,,>65,0.6573372132361651,0.5494505494505495,0.43499275012083133,0.6441500279902967,0.22272495983014506,0.4855678446182898
0,Static,1st,Bal,RFT,LR,,<65,0.6849112643111428,0.43137254901960786,0.25,0.7749703908409001,0.16441353761565464,0.3165467625899281
0,Static,1st,Bal,STA,LR,,,0.7031635283568707,0.5540123456790124,0.39106753812636164,0.6776482513938166,0.20109965850631392,0.45849297573435505
0,Static,1st,Bal,STA,LR,,>65,0.6488958651011862,0.5225885225885226,0.4318869828456105,0.6439634260123157,0.22198854393396675,0.4729281767955801
0,Static,1st,Bal,STA,LR,,<65,0.7084738400673845,0.45098039215686275,0.25842696629213485,0.7773391235688907,0.15924814926397884,0.3285714285714286
0,Static,1st,Bal,NoF,LR,,,0.7066116217091336,0.5411522633744856,0.398635846911709,0.6858844399391789,0.19783395381387534,0.4590879336679031
0,Static,1st,Bal,NoF,LR,,>65,0.64442859538264,0.6471306471306472,0.3875685557586837,0.5795857436088823,0.24953572639849145,0.4847930482506288
0,Static,1st,Bal,NoF,LR,,<65,0.6908661084550569,0.5980392156862745,0.1932418162618796,0.6498223450454007,0.23729893183919287,0.29209896249002393
0,Static,1st,Unbal,XGB,XGB,,,0.7099019260892065,0.14248971193415638,0.5452755905511811,0.7595032944754182,0.17225028499667674,0.22593800978792822
0,Static,1st,Unbal,XGB,XGB,,>65,0.6599815127092741,0.163003663003663,0.5585774058577406,0.7047956708341109,0.2046866349868127,0.2523629489603025
0,Static,1st,Unbal,XGB,XGB,,<65,0.6910730165438426,0.0784313725490196,0.631578947368421,0.8831425187524674,0.11208337708483805,0.13953488372093023
0,Static,1st,Unbal,RFT,XGB,,,0.7077942390290612,0.15689300411522633,0.5616942909760589,0.7621642169285352,0.17185582870687258,0.24527543224768797
0,Static,1st,Unbal,RFT,XGB,,>65,0.6539349151550173,0.15445665445665446,0.5647321428571429,0.7051688747900727,0.20603469267092261,0.2425695110258869
0,Static,1st,Unbal,RFT,XGB,,<65,0.6903473707998392,0.06209150326797386,0.59375,0.8815633636004737,0.11346970969573421,0.11242603550295859
0,Static,1st,Unbal,STA,XGB,,,0.7065438187197135,0.1507201646090535,0.5376146788990825,0.7588697415103902,0.17254312292479107,0.23543591803937325
0,Static,1st,Unbal,STA,XGB,,>65,0.6511476295808465,0.16056166056166057,0.5356415478615071,0.7008770292965105,0.20753183250191726,0.24706434945984035
0,Static,1st,Unbal,STA,XGB,,<65,0.6924069133715454,0.09803921568627451,0.4918032786885246,0.8787998420844848,0.10309362895943751,0.16348773841961853
0,Static,1st,Unbal,NoF,XGB,,,0.7140092824368117,0.15020576131687244,0.5793650793650794,0.7638114546376077,0.1719670838747721,0.238562091503268
0,Static,1st,Unbal,NoF,XGB,,>65,0.6620149013994754,0.16117216117216118,0.5714285714285714,0.7066616906139205,0.2059598986850281,0.25142857142857145
0,Static,1st,Unbal,NoF,XGB,,<65,0.6921779937839527,0.08496732026143791,0.6190476190476191,0.8831425187524674,0.11247675421774518,0.14942528735632182
0,Static,1st,Bal,XGB,SVM,,,0.7087777715509727,0.5967078189300411,0.3956343792633015,0.6761277242777496,0.20167019833828864,0.47579983593109104
0,Static,1st,Bal,XGB,SVM,,>65,0.6510897132369855,0.5879120879120879,0.4111870196413322,0.6167195372270946,0.231554519780506,0.48391959798994977
0,Static,1st,Bal,XGB,SVM,,<65,0.6717271102423906,0.4869281045751634,0.22008862629246675,0.7295696802210817,0.17993533895147887,0.3031536113936928
0,Static,1st,Bal,RFT,SVM,,,0.7069593714801254,0.6003086419753086,0.39385757678029026,0.6739736441966548,0.20330169779068683,0.47564703484817616
0,Static,1st,Bal,RFT,SVM,,>65,0.6578504209517377,0.5470085470085471,0.42994241842610365,0.6398581824967344,0.2230844408601172,0.4814615797958087
0,Static,1st,Bal,RFT,SVM,,<65,0.6711790239220969,0.4117647058823529,0.2413793103448276,0.7726016581129096,0.16671055681805513,0.3043478260869565
0,Static,1st,Bal,STA,SVM,,,0.7025513988171838,0.5612139917695473,0.38894830659536545,0.6747339077546883,0.20068134882755181,0.4594651505580123
0,Static,1st,Bal,STA,SVM,,>65,0.6496304018475478,0.5262515262515263,0.4284294234592445,0.6406045904086584,0.2220934481346095,0.4723287671232877
0,Static,1st,Bal,STA,SVM,,<65,0.7081260583862342,0.4411764705882353,0.2631578947368421,0.783260955388867,0.16272422756763302,0.3296703296703297
0,Static,1st,Bal,NoF,SVM,,,0.7116442640054685,0.5781893004115226,0.402002861230329,0.6842372022301064,0.1974798044861793,0.47426160337552736
0,Static,1st,Bal,NoF,SVM,,>65,0.649819573361632,0.6477411477411478,0.39574785527788137,0.5900354543758164,0.24204998188819296,0.49131743459134053
0,Static,1st,Bal,NoF,SVM,,<65,0.6946520862498569,0.47058823529411764,0.22820919175911253,0.7437820765890248,0.17293962334788393,0.30736392742796154
0,Static,Pnt,Unbal,XGB,GRU,,,0.7206852391508299,0.1522633744855967,0.588469184890656,0.7649518499746579,0.16696729576309172,0.24192889252145483
0,Static,Pnt,Unbal,XGB,GRU,,>65,0.6750291796650302,0.21794871794871795,0.5639810426540285,0.709460720283635,0.2004404910463347,0.3143989431968296
0,Static,Pnt,Unbal,XGB,GRU,,<65,0.6859502070548321,0.10784313725490197,0.42857142857142855,0.8748519542045006,0.10215749343512794,0.17232375979112274
0,Static,Pnt,Unbal,RFT,GRU,,,0.7199135477291533,0.17592592592592593,0.5958188153310104,0.7676127724277749,0.16746206629448904,0.27164416203335984
0,Static,Pnt,Unbal,RFT,GRU,,>65,0.6705924267735608,0.14407814407814407,0.612987012987013,0.7105803321515208,0.20047710515026523,0.2333168561542264
0,Static,Pnt,Unbal,RFT,GRU,,<65,0.7027640572768548,0.0032679738562091504,0.3333333333333333,0.8787998420844848,0.10029725225477185,0.006472491909385114
0,Static,Pnt,Unbal,STA,GRU,,,0.716786783467694,0.07921810699588477,0.6936936936936937,0.7645717181956412,0.16818373386885163,0.14219759926131118
0,Static,Pnt,Unbal,STA,GRU,,>65,0.6627170345256881,0.12637362637362637,0.646875,0.7118865459973875,0.20080091535517453,0.2114402451481103
0,Static,Pnt,Unbal,STA,GRU,,<65,0.7131666916130319,0.08169934640522876,0.5681818181818182,0.8815633636004737,0.10131199727126217,0.14285714285714285
0,Static,Pnt,Unbal,NoF,GRU,,,0.72634808601847,0.19598765432098766,0.5602941176470588,0.7640648758236188,0.1677548933012456,0.29039634146341464
0,Static,Pnt,Unbal,NoF,GRU,,>65,0.6705414013261366,0.21001221001221002,0.5593495934959349,0.7079679044597873,0.19861504033019398,0.30537061695517087
0,Static,Pnt,Unbal,NoF,GRU,,<65,0.7118093158532685,0.0718954248366013,0.5,0.8791946308724832,0.09958980387792243,0.12571428571428572
0,Static,1st,Bal,XGB,XGB,,,0.7100490776025971,0.5725308641975309,0.39764201500535906,0.6810694374049671,0.2027211335363678,0.46932321315623027
0,Static,1st,Bal,XGB,XGB,,>65,0.6536954565038413,0.5647130647130647,0.4142409314823108,0.6228774025004665,0.23087876669427201,0.4779126840609661
0,Static,1st,Bal,XGB,XGB,,<65,0.6933269940216769,0.3954248366013072,0.236328125,0.7726016581129096,0.19626313039801377,0.2958435207823961
0,Static,1st,Bal,RFT,XGB,,,0.7025083300815573,0.5725308641975309,0.3917634635691658,0.6757475924987328,0.2057218433949867,0.4652037617554859
0,Static,1st,Bal,RFT,XGB,,>65,0.6463373736956107,0.5641025641025641,0.4108492663405958,0.6195185668968091,0.23294523727574196,0.47543092359145867
0,Static,1st,Bal,RFT,XGB,,<65,0.6891770927799349,0.38562091503267976,0.2443064182194617,0.7816818002368733,0.20011440683864642,0.2991128010139417
0,Static,1st,Bal,STA,XGB,,,0.6992799910610752,0.559156378600823,0.3905856988860941,0.6765078560567663,0.20530747856298395,0.4599111487201184
0,Static,1st,Bal,STA,XGB,,>65,0.6460869224239285,0.5555555555555556,0.4189686924493554,0.6286620638178765,0.2305200763193135,0.4776902887139108
0,Static,1st,Bal,STA,XGB,,<65,0.6979772900029642,0.48366013071895425,0.24666666666666667,0.7591788393209633,0.1648456530014292,0.32671081677704195
0,Static,1st,Bal,NoF,XGB,,,0.7048866237155484,0.5648148148148148,0.3982589771490751,0.6825899645210339,0.2041716170524796,0.4671346522016592
0,Static,1st,Bal,NoF,XGB,,>65,0.6542668266667192,0.5708180708180708,0.41909457642312864,0.6269826460160478,0.23011328300342662,0.4833290255880072
0,Static,1st,Bal,NoF,XGB,,<65,0.7008593289134244,0.4477124183006536,0.23909249563699825,0.7611527832609554,0.16404933071713962,0.3117178612059158
0,Static,1st,Unbal,XGB,LSTM,,,0.7074138417727299,0.14609053497942387,0.5657370517928287,0.7620375063355297,0.17129918691486698,0.23221586263287
0,Static,1st,Unbal,XGB,LSTM,,>65,0.6591230218615329,0.0927960927960928,0.7037037037037037,0.7107669341295018,0.2002106463527741,0.1639697950377562
0,Static,1st,Unbal,XGB,LSTM,,<65,0.6805441829478387,0.08823529411764706,0.36486486486486486,0.8712988551125148,0.10215383462690646,0.14210526315789473
0,Static,1st,Unbal,RFT,LSTM,,,0.7094262673624083,0.08024691358024691,0.6610169491525424,0.7633046122655854,0.17014277907890243,0.14311926605504585
0,Static,1st,Unbal,RFT,LSTM,,>65,0.6626341796994847,0.08669108669108669,0.6859903381642513,0.7087143123717111,0.20009880872816496,0.15392953929539294
0,Static,1st,Unbal,RFT,LSTM,,<65,0.6955120021365827,0.0784313725490196,0.39344262295081966,0.8740623766285037,0.1016533950235529,0.1307901907356948
0,Static,1st,Unbal,STA,LSTM,,,0.7098735595324084,0.07767489711934156,0.6863636363636364,0.7640648758236188,0.16997877796606317,0.1395563770794824
0,Static,1st,Unbal,STA,LSTM,,>65,0.6533326179926555,0.10866910866910867,0.6544117647058824,0.7100205262175779,0.20365859467814487,0.18638743455497384
0,Static,1st,Unbal,STA,LSTM,,<65,0.6784354813621303,0.03594771241830065,0.4782608695652174,0.8787998420844848,0.10438647534501753,0.0668693009118541
0,Static,1st,Unbal,NoF,LSTM,,,0.7105403465839747,0.147119341563786,0.5860655737704918,0.76431829700963,0.17164853010675343,0.23519736842105263
0,Static,1st,Unbal,NoF,LSTM,,>65,0.6511600167875363,0.17155067155067155,0.5817805383022774,0.7090875163276731,0.2029163171394696,0.26496935407826494
0,Static,1st,Unbal,NoF,LSTM,,<65,0.6869759428992372,0.13398692810457516,0.4880952380952381,0.8784050532964863,0.1030710007500706,0.21025641025641023
0,Static,1st,Unbal,XGB,SVM,,,0.6627327960292355,0.02880658436213992,0.7088607594936709,0.7578560567663457,0.17480303494313926,0.05536332179930796
0,Static,1st,Unbal,XGB,SVM,,>65,0.6276970066274017,0.03296703296703297,0.6923076923076923,0.6999440194066057,0.20655281219461696,0.06293706293706294
0,Static,1st,Unbal,XGB,SVM,,<65,0.6603024086449427,0.0392156862745098,0.5714285714285714,0.8803789972364785,0.10166734432316796,0.07339449541284403
0,Static,1st,Unbal,RFT,SVM,,,0.6593678132290551,0.027777777777777776,0.7012987012987013,0.7576026355803345,0.17485394950594463,0.05343889163780306
0,Static,1st,Unbal,RFT,SVM,,>65,0.626207998755701,0.040293040293040296,0.673469387755102,0.7006904273185296,0.20582958133329984,0.07603686635944702
0,Static,1st,Unbal,RFT,SVM,,<65,0.647821888821387,0.029411764705882353,0.45,0.8784050532964863,0.10224135805143628,0.05521472392638037
0,Static,1st,Unbal,STA,SVM,,,0.6527196609297035,0.044238683127572016,0.6935483870967742,0.7597567156614293,0.17701716223902061,0.08317214700193423
0,Static,1st,Unbal,STA,SVM,,>65,0.6212865041137011,0.05616605616605617,0.7022900763358778,0.704235864900168,0.2068292140219896,0.10401356698699829
0,Static,1st,Unbal,STA,SVM,,<65,0.5943559582192404,0.03594771241830065,0.6111111111111112,0.8807737860244769,0.1024814409588136,0.06790123456790123
0,Static,1st,Unbal,NoF,SVM,,,0.6618932151347343,0.029835390946502057,0.7341772151898734,0.758362899138368,0.17413483326373297,0.05734058329214039
0,Static,1st,Unbal,NoF,SVM,,>65,0.6311129224324601,0.04151404151404151,0.6938775510204082,0.7014368352304534,0.2060861509300774,0.07834101382488479
0,Static,1st,Unbal,NoF,SVM,,<65,0.6780935694139952,0.032679738562091505,0.45454545454545453,0.8784050532964863,0.10095077329127679,0.06097560975609757
0,Static,Pnt,Unbal,XGB,NN,,,0.724219210524131,0.20113168724279834,0.5199468085106383,0.757475924987329,0.16801314775855694,0.29005934718100895
0,Static,Pnt,Unbal,XGB,NN,,>65,0.6746765954640181,0.24114774114774115,0.5501392757660167,0.7077813024818063,0.20013335685273978,0.3353140916808149
0,Static,Pnt,Unbal,XGB,NN,,<65,0.6667488429288793,0.08496732026143791,0.41935483870967744,0.875246742992499,0.10286156958284987,0.14130434782608697
0,Static,Pnt,Unbal,RFT,NN,,,0.7230726135423324,0.14300411522633744,0.5965665236051502,0.7650785605676634,0.16559863101815123,0.23070539419087138
0,Static,Pnt,Unbal,RFT,NN,,>65,0.6791696240097208,0.1684981684981685,0.5986984815618221,0.7113267400634447,0.1973285645715928,0.2629823725583611
0,Static,Pnt,Unbal,RFT,NN,,<65,0.6980579988319231,0.0718954248366013,0.44,0.8768258981444927,0.10156036639196368,0.12359550561797752
0,Static,Pnt,Unbal,STA,NN,,,0.7207591824619959,0.12602880658436214,0.6363636363636364,0.766979219462747,0.16691989187916437,0.210390725633319
0,Static,Pnt,Unbal,STA,NN,,>65,0.6662255672602353,0.14652014652014653,0.5673758865248227,0.7049822728120918,0.2028789690245417,0.2328966521106259
0,Static,Pnt,Unbal,STA,NN,,<65,0.7203908655214818,0.0915032679738562,0.5957446808510638,0.882747729964469,0.10028310616157395,0.15864022662889518
0,Static,Pnt,Unbal,NoF,NN,,,0.723325923435204,0.2397119341563786,0.5235955056179775,0.7589964521033958,0.1655954407643904,0.328863796753705
0,Static,Pnt,Unbal,NoF,NN,,>65,0.6741681457483661,0.24358974358974358,0.5488308115543329,0.7075947005038253,0.20140870424178556,0.33742071881606767
0,Static,Pnt,Unbal,NoF,NN,,<65,0.675948181996942,0.10457516339869281,0.3902439024390244,0.8720884326885117,0.10332617381544473,0.16494845360824742
0,Static,Pnt,Bal,XGB,NN,,,0.7216315405669437,0.6435185185185185,0.3870668316831683,0.6611758743030918,0.20095916988610155,0.48338485316846985
0,Static,Pnt,Bal,XGB,NN,,>65,0.6715674065848749,0.6471306471306472,0.4165029469548134,0.6150401194252659,0.22998945933096165,0.5068132918957685
0,Static,Pnt,Bal,XGB,NN,,<65,0.694797362141983,0.4869281045751634,0.2442622950819672,0.7560205290169759,0.16874604841027216,0.32532751091703055
0,Static,Pnt,Bal,RFT,NN,,,0.724151018359389,0.6147119341563786,0.4103708791208791,0.6875316776482514,0.1981286117793242,0.4921746293245469
0,Static,Pnt,Bal,RFT,NN,,>65,0.6750427153544596,0.5903540903540904,0.4355855855855856,0.6409777943646202,0.22221817439339206,0.5012960082944531
0,Static,Pnt,Bal,RFT,NN,,<65,0.6964100712879074,0.5032679738562091,0.22814814814814816,0.7343071456770628,0.17662404269766022,0.31396534148827726
0,Static,Pnt,Bal,STA,NN,,,0.7122733875342128,0.6352880658436214,0.3831833695314924,0.6582615306639635,0.20420178756316695,0.47803367524675827
0,Static,Pnt,Bal,STA,NN,,>65,0.6614999709597935,0.5805860805860806,0.42703188145487203,0.6337003172233626,0.2248129787415872,0.49210866752910737
0,Static,Pnt,Bal,STA,NN,,<65,0.7099354035881678,0.4444444444444444,0.256120527306968,0.7769443347808922,0.15291632081476764,0.32497013142174436
0,Static,Pnt,Bal,NoF,NN,,,0.7203860498116736,0.6352880658436214,0.39596024366784227,0.6714394323365434,0.20369427255219558,0.4878530515504641
0,Static,Pnt,Bal,NoF,NN,,>65,0.6722080958845269,0.6239316239316239,0.42406639004149377,0.626049636126143,0.2238415007668691,0.5049407114624506
0,Static,Pnt,Bal,NoF,NN,,<65,0.6965083893159119,0.5261437908496732,0.2181571815718157,0.7149624950651402,0.18613163967939558,0.30842911877394635
0,Static,Pnt,Unbal,XGB,LSTM,,,0.7245005842818834,0.16358024691358025,0.5771324863883848,0.7644450076026356,0.16569937110541427,0.25490981963927856
0,Static,Pnt,Unbal,XGB,LSTM,,>65,0.6699395143361819,0.23382173382173382,0.5794251134644478,0.7139391677551782,0.19782541226747424,0.33318834275772075
0,Static,Pnt,Unbal,XGB,LSTM,,<65,0.699785167771644,0.13071895424836602,0.47619047619047616,0.8776154757204896,0.10011761605546657,0.20512820512820515
0,Static,Pnt,Unbal,RFT,LSTM,,,0.7202838264271145,0.1404320987654321,0.582089552238806,0.7634313228585909,0.16755611890281524,0.22627434728553672
0,Static,Pnt,Unbal,RFT,LSTM,,>65,0.673249851763692,0.14713064713064714,0.5724465558194775,0.7057286807240156,0.1981572554787448,0.2340942204953861
0,Static,Pnt,Unbal,RFT,LSTM,,<65,0.7062242648893114,0.08823529411764706,0.4909090909090909,0.8787998420844848,0.10034939454969559,0.14958448753462605
0,Static,Pnt,Unbal,STA,LSTM,,,0.7170661248654318,0.15895061728395063,0.5930902111324377,0.7659655347187024,0.16690170482764252,0.25070993914807305
0,Static,Pnt,Unbal,STA,LSTM,,>65,0.6637204803020444,0.11294261294261294,0.622895622895623,0.7079679044597873,0.20244787125010566,0.19121447028423771
0,Static,Pnt,Unbal,STA,LSTM,,<65,0.7004631219348988,0.11437908496732026,0.5737704918032787,0.882747729964469,0.10163996624570557,0.19073569482288827
0,Static,Pnt,Unbal,NoF,LSTM,,,0.7216471075798208,0.25102880658436216,0.5241675617615468,0.7593765838824126,0.16646872965826257,0.3394782608695653
0,Static,Pnt,Unbal,NoF,LSTM,,>65,0.6775692133122931,0.20207570207570208,0.5716753022452504,0.7098339242395969,0.19664495042131505,0.2986017140279657
0,Static,Pnt,Unbal,NoF,LSTM,,<65,0.7056123452224775,0.013071895424836602,0.5,0.8791946308724832,0.10272695357846302,0.02547770700636943
0,Static,1st,Unbal,XGB,GRU,,,0.7118251008050568,0.1337448559670782,0.6018518518518519,0.7648251393816523,0.17006801359986837,0.21885521885521886
0,Static,1st,Unbal,XGB,GRU,,>65,0.6492318783369576,0.15018315018315018,0.5382932166301969,0.7008770292965105,0.20630605366062904,0.2348448687350835
0,Static,1st,Unbal,XGB,GRU,,<65,0.6824555147609112,0.0,0.0,0.8791946308724832,0.10250376735852754,0.0
0,Static,1st,Unbal,RFT,GRU,,,0.7113794518197492,0.09722222222222222,0.6406779661016949,0.7641915864166244,0.16991425285553938,0.16882536846806612
0,Static,1st,Unbal,RFT,GRU,,>65,0.653665677987097,0.10744810744810745,0.6132404181184669,0.7064750886359396,0.20489290156040516,0.18285714285714288
0,Static,1st,Unbal,RFT,GRU,,<65,0.6897163745007059,0.09477124183006536,0.4461538461538462,0.8764311093564943,0.1012694469206751,0.1563342318059299
0,Static,1st,Unbal,STA,GRU,,,0.707043390107959,0.09773662551440329,0.6375838926174496,0.7640648758236188,0.17153200093705828,0.1694915254237288
0,Static,1st,Unbal,STA,GRU,,>65,0.6538005426745013,0.12759462759462759,0.6411042944785276,0.7115133420414257,0.2036632733662915,0.21283095723014256
0,Static,1st,Unbal,STA,GRU,,<65,0.6903950623805877,0.08823529411764706,0.54,0.8807737860244769,0.10355871732843912,0.15168539325842698
0,Static,1st,Unbal,NoF,GRU,,,0.706265904298156,0.17335390946502058,0.5409309791332263,0.7601368474404461,0.17055584399996987,0.2625633034670822
0,Static,1st,Unbal,NoF,GRU,,>65,0.6623272066701252,0.17765567765567766,0.5866935483870968,0.7103937301735398,0.19956415697841876,0.2727272727272727
0,Static,1st,Unbal,NoF,GRU,,<65,0.6896833572524954,0.11437908496732026,0.38461538461538464,0.8709040663245163,0.10346638139049642,0.17632241813602018
0,Static,Pnt,Bal,XGB,XGB,,,0.7175232329018849,0.5925925925925926,0.4022346368715084,0.6827166751140396,0.20510170103427483,0.47920133111480867
0,Static,Pnt,Bal,XGB,XGB,,>65,0.6705895555667123,0.6117216117216118,0.4243964421855146,0.6277290539279716,0.2318975201325712,0.5011252813203301
0,Static,Pnt,Bal,XGB,XGB,,<65,0.684174612817736,0.545751633986928,0.22266666666666668,0.7149624950651402,0.21131310770269118,0.3162878787878788
0,Static,Pnt,Bal,RFT,XGB,,,0.7108780642800013,0.6059670781893004,0.39636608344549124,0.6756208819057273,0.2049721982271169,0.4792514239218877
0,Static,Pnt,Bal,RFT,XGB,,>65,0.6588474680385457,0.6141636141636142,0.41128372853638595,0.6133607016234373,0.24056128310390218,0.4926542605288932
0,Static,Pnt,Bal,RFT,XGB,,<65,0.6957189102253685,0.5849673202614379,0.22544080604534006,0.7070667193051717,0.20639994888977958,0.32545454545454544
0,Static,Pnt,Bal,STA,XGB,,,0.7017309739968617,0.5776748971193416,0.38804422944022116,0.6715661429295489,0.2077520330813524,0.46424142207523766
0,Static,Pnt,Bal,STA,XGB,,>65,0.6505408205220082,0.594017094017094,0.4161676646706587,0.6211979846986379,0.2355471396560295,0.4894366197183098
0,Static,Pnt,Bal,STA,XGB,,<65,0.6893788648523321,0.477124183006536,0.24013157894736842,0.7544413738649822,0.17128246753522702,0.31947483588621445
0,Static,Pnt,Bal,NoF,XGB,,,0.7198679709747856,0.5972222222222222,0.4024263431542461,0.6823365433350228,0.20138720282596762,0.4808448954234831
0,Static,Pnt,Bal,NoF,XGB,,>65,0.6680743783673105,0.615995115995116,0.42573839662447255,0.6286620638178765,0.23337283774012518,0.5034930139720559
0,Static,Pnt,Bal,NoF,XGB,,<65,0.7057943069459487,0.5686274509803921,0.2283464566929134,0.7157520726411369,0.19624355968587823,0.3258426966292135
0,Static,Pnt,Unbal,XGB,SVM,,,0.6868007816716065,0.05401234567901234,0.660377358490566,0.7601368474404461,0.17122993104515366,0.09985734664764621
0,Static,Pnt,Unbal,XGB,SVM,,>65,0.6540671547390171,0.06593406593406594,0.6545454545454545,0.703862660944206,0.20178241994978946,0.11980033277870217
0,Static,Pnt,Unbal,XGB,SVM,,<65,0.6746260246352693,0.032679738562091505,0.5263157894736842,0.8795894196604817,0.10059370497691135,0.06153846153846154
0,Static,Pnt,Unbal,RFT,SVM,,,0.6843894513769541,0.053497942386831275,0.6459627329192547,0.7596300050684237,0.17161636974295794,0.098812351543943
0,Static,Pnt,Unbal,RFT,SVM,,>65,0.6521734707706222,0.07264957264957266,0.6574585635359116,0.7049822728120918,0.2024823695323297,0.13084112149532712
0,Static,Pnt,Unbal,RFT,SVM,,<65,0.6768623929140584,0.029411764705882353,0.42857142857142855,0.878010264508488,0.10140070232787929,0.055045871559633024
0,Static,Pnt,Unbal,STA,SVM,,,0.6670709765844451,0.06944444444444445,0.6958762886597938,0.7633046122655854,0.17425581037030444,0.1262862488306829
0,Static,Pnt,Unbal,STA,SVM,,>65,0.6336060323563684,0.07997557997557997,0.6822916666666666,0.7074080985258444,0.2040036501693574,0.1431693989071038
0,Static,Pnt,Unbal,STA,SVM,,<65,0.6344755833780901,0.0392156862745098,0.6,0.8807737860244769,0.10082943017956107,0.0736196319018405
0,Static,Pnt,Unbal,NoF,SVM,,,0.6906067433532315,0.05915637860082305,0.696969696969697,0.7619107957425241,0.17036563975068347,0.10905642484589853
0,Static,Pnt,Unbal,NoF,SVM,,>65,0.658132045326348,0.07020757020757021,0.6534090909090909,0.7044224668781489,0.20160625460934678,0.12679162072767364
0,Static,Pnt,Unbal,NoF,SVM,,<65,0.6828473194396752,0.032679738562091505,0.5555555555555556,0.87998420844848,0.10008606815140733,0.0617283950617284
0,Static,1st,Bal,XGB,NN,,,0.708771069087095,0.6136831275720165,0.3878413524057217,0.6662442980233148,0.20463633573215462,0.4752988047808765
0,Static,1st,Bal,XGB,NN,,>65,0.6620471409506615,0.5561660561660562,0.4274988268418583,0.636685948871058,0.22132282948598156,0.4834173520827806
0,Static,1st,Bal,XGB,NN,,<65,0.6875805253998023,0.4934640522875817,0.2298325722983257,0.7390446111330439,0.1753703982325871,0.31360332294911736
0,Static,1st,Bal,RFT,NN,,,0.7081526262588524,0.6044238683127572,0.38971807628524047,0.6694120628484541,0.20195177303466788,0.4738858640855011
0,Static,1st,Bal,RFT,NN,,>65,0.6630375432444768,0.5921855921855922,0.42977403633141337,0.6351931330472103,0.22307877756669636,0.4980744544287548
0,Static,1st,Bal,RFT,NN,,<65,0.6881924450666362,0.42483660130718953,0.23636363636363636,0.7647058823529411,0.1633553385140088,0.3037383177570093
0,Static,1st,Bal,STA,NN,,,0.7046170117008587,0.5869341563786008,0.38314304902619206,0.6654840344652813,0.20654659181592866,0.4636326696464852
0,Static,1st,Bal,STA,NN,,>65,0.6462052981805737,0.49511599511599513,0.4339218833600856,0.6482552715058779,0.2180742314929038,0.4625035642999715
0,Static,1st,Bal,STA,NN,,<65,0.6918280109529219,0.4477124183006536,0.22909698996655517,0.7512830635609948,0.1702455736703127,0.30309734513274333
0,Static,1st,Bal,NoF,NN,,,0.7142180101344713,0.6059670781893004,0.39864636209813875,0.6777749619868221,0.2006765582658294,0.48091447234129414
0,Static,1st,Bal,NoF,NN,,>65,0.6652310632423505,0.6013431013431013,0.420221843003413,0.6245568203022952,0.22668181758920658,0.4947262682069312
0,Static,1st,Bal,NoF,NN,,<65,0.691134648740502,0.5261437908496732,0.23435225618631733,0.7350967232530596,0.18442374579049686,0.32426988922457206
0,Static,1st,Unbal,XGB,NN,,,0.7113670846928525,0.1934156378600823,0.5318246110325319,0.7593765838824126,0.1701536282237938,0.28366654092795174
0,Static,1st,Unbal,XGB,NN,,>65,0.6559852849828662,0.19047619047619047,0.5799256505576208,0.7103937301735398,0.20338020115904648,0.2867647058823529
0,Static,1st,Unbal,XGB,NN,,<65,0.6826690262993388,0.058823529411764705,0.4,0.8756415317804974,0.10268073379716823,0.10256410256410256
0,Static,1st,Unbal,RFT,NN,,,0.7116827923623392,0.051440329218107,0.7575757575757576,0.7622909275215408,0.16906983999152073,0.09633911368015415
0,Static,1st,Unbal,RFT,NN,,>65,0.6564072703551338,0.11477411477411477,0.6550522648083623,0.7109535361074827,0.20184573938537306,0.19532467532467532
0,Static,1st,Unbal,RFT,NN,,<65,0.6927928483172943,0.049019607843137254,0.45454545454545453,0.878010264508488,0.10188051089348152,0.08849557522123894
0,Static,1st,Unbal,STA,NN,,,0.7104465120896881,0.09465020576131687,0.6715328467153284,0.7655854029396858,0.1704367353812391,0.1659152389540126
0,Static,1st,Unbal,STA,NN,,>65,0.6536581308148093,0.1282051282051282,0.6231454005934718,0.7098339242395969,0.20272568918760528,0.21265822784810126
0,Static,1st,Unbal,STA,NN,,<65,0.6957475251738177,0.0718954248366013,0.55,0.8807737860244769,0.10226973598780417,0.12716763005780346
0,Static,1st,Unbal,NoF,NN,,,0.7089280797086408,0.18261316872427982,0.5538221528861155,0.7624176381145463,0.16938152084114472,0.27466150870406186
0,Static,1st,Unbal,NoF,NN,,>65,0.6518941433614909,0.16971916971916973,0.5743801652892562,0.7077813024818063,0.20242705628839985,0.26201696512723843
0,Static,1st,Unbal,NoF,NN,,<65,0.6876627016620149,0.0784313725490196,0.39344262295081966,0.8740623766285037,0.1034520858211435,0.1307901907356948
0,TS,3d,Unbal,,GRU,,,0.7545842258420716,0.1183127572016461,0.7348242811501597,0.7723010643689813,0.168608201811897,0.203810367744794
1,TS,3d,Bal,,GRU,,,0.7647049462972649,0.6831275720164609,0.42921784098254684,0.6981753674607197,0.18262145425401294,0.5271933306867804
2,TS,3d,Unbal,,LSTM,,,0.7543254242529909,0.1527777777777778,0.6644295302013423,0.7723010643689813,0.16402212761728524,0.24843161856963616
3,TS,3d,Bal,,LSTM,,,0.7410476703446329,0.9068930041152263,0.30973295853829935,0.47921946274708566,0.2836454431192398,0.4617600838135149
0,Static,1st,Bal,,XGB,3 - 5,,0.6056451612903225,0.9032258064516129,0.08832807570977919,0.2895377128953771,0.6192772309307287,0.16091954022988508
0,Static,1st,Bal,,XGB,0 - 1,,0.609603288593928,0.9180327868852459,0.17337461300309598,0.30612244897959184,0.6190427459223639,0.29166666666666674
0,Static,1st,Bal,,XGB,   2  ,,0.6046164648060383,0.8333333333333334,0.24324324324324326,0.4377358490566038,0.5072927801687497,0.37656903765690375
0,Static,1st,Unbal,,LSTM,3 - 5,,0.7113752122241086,0.0967741935483871,0.23076923076923078,0.9075425790754258,0.0807491458455208,0.13636363636363635
0,Static,1st,Unbal,,LSTM,0 - 1,,0.6302312911693329,0.18032786885245902,0.3055555555555556,0.8086734693877551,0.1634470895863613,0.22680412371134023
0,Static,1st,Unbal,,LSTM,   2  ,,0.5904862208179743,0.25925925925925924,0.2692307692307692,0.7056603773584905,0.2540451732766961,0.2641509433962264
0,Static,1st,Bal,,SVM,3 - 5,,0.6382003395585738,1.0,0.08493150684931507,0.1873479318734793,0.27020999001984564,0.15656565656565657
0,Static,1st,Bal,,SVM,0 - 1,,0.6572482789361597,0.9672131147540983,0.16809116809116809,0.25,0.2709721168175867,0.28640776699029125
0,Static,1st,Bal,,SVM,   2  ,,0.5630156222573285,0.9259259259259259,0.21739130434782608,0.30566037735849055,0.2409531722753145,0.35211267605633806
0,Static,1st,Bal,,RF,3 - 5,,0.6467317487266554,0.5806451612903226,0.10843373493975904,0.6082725060827251,0.24068686131386863,0.18274111675126903
0,Static,1st,Bal,,RF,0 - 1,,0.6106681194591649,0.6721311475409836,0.18981481481481483,0.5025510204081632,0.2823548469387755,0.296028880866426
0,Static,1st,Bal,,RF,   2  ,,0.5886431455151834,0.5925925925925926,0.24806201550387597,0.5509433962264151,0.25569698113207545,0.3497267759562841
0,Static,Pnt,Bal,,LSTM,3 - 5,,0.6609507640067912,0.06451612903225806,0.125,0.8953771289537713,0.09704615330114777,0.0851063829787234
0,Static,Pnt,Bal,,LSTM,0 - 1,,0.6329552771036601,0.26229508196721313,0.3333333333333333,0.8035714285714286,0.18371692030683764,0.29357798165137616
0,Static,Pnt,Bal,,LSTM,   2  ,,0.6800947867298578,0.3888888888888889,0.3620689655172414,0.7358490566037735,0.23159351381577742,0.375
0,Static,1st,Bal,,LSTM,3 - 5,,0.7268251273344651,0.6774193548387096,0.13125,0.6374695863746959,0.23478552453470747,0.2198952879581152
0,Static,1st,Bal,,LSTM,0 - 1,,0.6785696597493933,0.8032786885245902,0.20081967213114754,0.4719387755102041,0.27515077024850404,0.32131147540983607
0,Static,1st,Bal,,LSTM,   2  ,,0.6917675969808671,0.8518518518518519,0.27218934911242604,0.5056603773584906,0.2534831037095449,0.41255605381165916
0,Static,1st,Unbal,,SVM,3 - 5,,0.6388794567062819,0.0967741935483871,0.08333333333333333,0.851581508515815,0.07014708556783111,0.08955223880597014
0,Static,1st,Unbal,,SVM,0 - 1,,0.6674756079441335,0.6229508196721312,0.25333333333333335,0.6556122448979592,0.1268953863990216,0.36018957345971564
0,Static,1st,Unbal,,SVM,   2  ,,0.5787256450763559,0.7407407407407407,0.25806451612903225,0.5132075471698113,0.16116070381052588,0.3827751196172249
0,Static,1st,Bal,,LR,3 - 5,,0.5105263157894737,1.0,0.07560975609756097,0.07785888077858881,0.9223088986669488,0.1405895691609977
0,Static,1st,Bal,,LR,0 - 1,,0.534396513298004,1.0,0.15601023017902813,0.15816326530612246,0.8418366938034869,0.2699115044247788
0,Static,1st,Bal,,LR,   2  ,,0.6979989468141127,1.0,0.216,0.26037735849056604,0.5548377768636601,0.35526315789473684
0,Static,1st,Unbal,,XGB,3 - 5,,0.6753820033955857,0.03225806451612903,0.05,0.8807785888077859,0.0997331875649316,0.0392156862745098
0,Static,1st,Unbal,,XGB,0 - 1,,0.6167104155316725,0.2786885245901639,0.25,0.7576530612244898,0.19621269098432376,0.2635658914728682
0,Static,1st,Unbal,,XGB,   2  ,,0.5709145164121467,0.35185185185185186,0.24050632911392406,0.6415094339622641,0.2865764334327219,0.28571428571428575
0,Static,1st,Bal,,NN,3 - 5,,0.6765704584040747,0.8709677419354839,0.09782608695652174,0.3844282238442822,0.3257750135007772,0.17589576547231273
0,Static,1st,Bal,,NN,0 - 1,,0.516566787182408,0.04918032786885246,0.25,0.8290816326530612,0.24185892243014112,0.0821917808219178
0,Static,1st,Bal,,NN,   2  ,,0.6542039670001756,0.8518518518518519,0.26436781609195403,0.4867924528301887,0.2549151541963772,0.40350877192982454
0,Static,Pnt,Bal,,XGB,3 - 5,,0.7123938879456706,0.06451612903225806,0.15384615384615385,0.902676399026764,0.08469720506506806,0.09090909090909091
0,Static,Pnt,Bal,,XGB,0 - 1,,0.6105195384082016,0.2786885245901639,0.27419354838709675,0.7729591836734694,0.19457179358146529,0.2764227642276423
0,Static,Pnt,Bal,,XGB,   2  ,,0.663156047042303,0.5555555555555556,0.3409090909090909,0.690566037735849,0.24382542704225382,0.4225352112676057
0,Static,Pnt,Bal,,LR,3 - 5,,0.6323005093378609,0.9354838709677419,0.08950617283950617,0.2773722627737226,0.7191865437715678,0.16338028169014082
0,Static,Pnt,Bal,,LR,0 - 1,,0.5834777871328809,1.0,0.16758241758241757,0.22704081632653061,0.7711185630852412,0.2870588235294117
0,Static,Pnt,Bal,,LR,   2  ,,0.5011409513779183,0.9814814814814815,0.20463320463320464,0.2188679245283019,0.7802061231157171,0.33865814696485624
0,Static,Pnt,Bal,,SVM,3 - 5,,0.6951612903225806,0.16129032258064516,0.16666666666666666,0.8759124087591241,0.06914504498262825,0.16393442622950818
0,Static,Pnt,Bal,,SVM,0 - 1,,0.6750037145262741,0.4426229508196721,0.2523364485981308,0.7091836734693877,0.12753772865190738,0.3214285714285714
0,Static,Pnt,Bal,,SVM,   2  ,,0.657451290152712,0.6666666666666666,0.2903225806451613,0.6,0.15588755973685806,0.4044943820224719
0,Static,Pnt,Bal,,NN,3 - 5,,0.7265704584040746,0.12903225806451613,0.2222222222222222,0.9002433090024331,0.07847266479540296,0.16326530612244897
0,Static,Pnt,Bal,,NN,0 - 1,,0.6671536823337131,0.0,0.0,0.8443877551020408,0.13332662780863483,0.0
0,Static,Pnt,Bal,,NN,   2  ,,0.6994909601544672,0.25925925925925924,0.5185185185185185,0.8,0.15053062572513431,0.345679012345679
0,Static,1st,Unbal,,RF,3 - 5,,0.7248302207130729,0.0,0.0,0.9221411192214112,0.07171995133819951,0.0
0,Static,1st,Unbal,,RF,0 - 1,,0.5680253578326977,0.01639344262295082,0.16666666666666666,0.8341836734693877,0.14065102040816327,0.02985074626865672
0,Static,1st,Unbal,,RF,   2  ,,0.6233543970510795,0.037037037037037035,0.2,0.7735849056603774,0.16701509433962264,0.0625
0,Static,1st,Unbal,,NN,3 - 5,,0.7114601018675721,0.03225806451612903,0.06666666666666667,0.8929440389294404,0.08073364528354031,0.043478260869565216
0,Static,1st,Unbal,,NN,0 - 1,,0.6581150017334455,0.03278688524590164,0.2,0.8290816326530612,0.13181443953313257,0.056338028169014086
0,Static,1st,Unbal,,NN,   2  ,,0.6337546076882571,0.05555555555555555,0.3,0.7811320754716982,0.16421794232371428,0.09375000000000001
0,Static,1st,Unbal,,LR,3 - 5,,0.5960526315789474,1.0,0.08683473389355742,0.20681265206812652,0.7928529052860347,0.1597938144329897
0,Static,1st,Unbal,,LR,0 - 1,,0.5347432024169184,1.0,0.15926892950391644,0.17857142857142858,0.8210815218784935,0.27477477477477474
0,Static,1st,Unbal,,LR,   2  ,,0.5249253993329823,1.0,0.21011673151750973,0.2339622641509434,0.7651489689191318,0.34726688102893893
0,Static,Pnt,Unbal,,RF,3 - 5,,0.7097198641765705,0.03225806451612903,0.5,0.9245742092457421,0.07252725060827252,0.06060606060606061
0,Static,Pnt,Unbal,,RF,0 - 1,,0.648680104997276,0.06557377049180328,0.5,0.8443877551020408,0.12835918367346938,0.11594202898550726
0,Static,Pnt,Unbal,,RF,   2  ,,0.6974723538704581,0.16666666666666666,0.6,0.8075471698113208,0.14825018867924528,0.2608695652173913
